id;admin_id;username;password;email;is_active
1;certification nun sometimes;unless quick-witted above;however yahoo;Alek98@yahoo.com;true
2;wriggler;suspiciously;indolent putrefy executor;Rubie_Sporer93@hotmail.com;true
3;unto;near;disloyal incidentally;Donato80@yahoo.com;true
4;since gradient shady;turret courageous;than naughty;Alfonso_Wisozk-Ledner@yahoo.com;true
5;fortunate portray capitalise;experienced above;regarding underpants incomparable;Bernie.Toy@yahoo.com;true
6;afore violent waft;than aware;worth likewise confide;Noemi.Parisian37@gmail.com;false
7;as;think harp;since;Ollie.Weissnat71@hotmail.com;false
8;competent pish extroverted;incidentally;stained rejoin;Tyree31@hotmail.com;false
9;finally whereas;juggernaut;thongs papa axe;Waino50@yahoo.com;true
10;decent righteously;under illustrious;volunteer ugh behind;Dave99@hotmail.com;false
